{
    "iteration": 450,
    "strats_frame": {
        "AB": [
            0,
            []
        ],
        "AD": [
            10.0,
            {
                "D": 4.0,
                "E": 8.881784197001252e-16,
                "ED": 5.999999999999999
            }
        ],
        "AC": [
            6.0,
            {
                "E": 6.0
            }
        ]
    }
}