{
    "iteration": 276,
    "strats_frame": {
        "AB": [
            0,
            []
        ],
        "AD": [
            4.0,
            {
                "E": 4.0
            }
        ],
        "AC": [
            7.0,
            {
                "C": 3.0,
                "E": 8.881784197001252e-16,
                "EC": 3.999999999999999
            }
        ],
        "AE": [
            19.0,
            {
                "E": 19.0
            }
        ]
    }
}