{
    "iteration": 285,
    "strats_frame": {
        "AB": [
            0,
            []
        ],
        "AC": [
            13.999999999999886,
            {
                "C": 13.999999999999986
            }
        ]
    }
}