{
    "iteration": 532,
    "strats_frame": {
        "AC": [
            0,
            []
        ],
        "AB": [
            9.0,
            {
                "D": 9.000000000000014
            }
        ],
        "AD": [
            30.0,
            {
                "D": 30.000000000000014
            }
        ]
    }
}