{
    "iteration": 542,
    "strats_frame": {
        "AB": [
            0,
            []
        ],
        "AD": [
            26.0,
            {
                "E": 1.7763568394002505e-15,
                "D": 19.999999999999986,
                "ED": 5.999999999999998
            }
        ],
        "AC": [
            7.0,
            {
                "E": 6.0,
                "D": 1.0
            }
        ]
    }
}