{
    "iteration": 670,
    "strats_frame": {
        "AB": [
            0,
            []
        ],
        "AC": [
            16.0,
            {
                "E": 16.0
            }
        ],
        "AD": [
            30.0,
            {
                "E": 1.7763568394002505e-15,
                "D": 14.0,
                "ED": 15.999999999999998
            }
        ]
    }
}