{
    "iteration": 428,
    "strats_frame": {
        "AB": [
            0,
            []
        ],
        "AC": [
            9.0,
            {
                "E": 9.0
            }
        ],
        "AD": [
            30.000000000000114,
            {
                "D": 21.000000000000014,
                "ED": 9.0
            }
        ]
    }
}