{
    "iteration": 280,
    "strats_frame": {
        "AB": [
            0,
            []
        ],
        "AD": [
            26.999999999999886,
            {
                "E": 26.999999999999986
            }
        ]
    }
}