{
    "iteration": 102,
    "strats_frame": {
        "AB": [
            0,
            []
        ],
        "AD": [
            12.0,
            {
                "E": 1.7763568394002505e-15,
                "D": 5.0,
                "ED": 6.999999999999998
            }
        ],
        "AC": [
            7.0,
            {
                "E": 7.0
            }
        ]
    }
}