{
    "iteration": 841,
    "strats_frame": {
        "AD": [
            0,
            []
        ],
        "AE": [
            30.999999999999886,
            {
                "E": 30.999999999999986
            }
        ],
        "AC": [
            4.0,
            {
                "C": 4.0
            }
        ],
        "AB": [
            17.0,
            {
                "B": 16.0,
                "D": 1.0
            }
        ]
    }
}