{
    "iteration": 278,
    "strats_frame": {
        "AB": [
            0,
            []
        ],
        "AC": [
            2.0,
            {
                "E": 2.0
            }
        ],
        "AD": [
            26.000000000000114,
            {
                "ED": 2.0,
                "D": 24.000000000000014
            }
        ]
    }
}