{
    "iteration": 581,
    "strats_frame": {
        "AB": [
            0,
            []
        ],
        "AC": [
            6.0,
            {
                "D": 4.0,
                "E": 2.0
            }
        ],
        "AE": [
            11.0,
            {
                "D": 8.881784197001252e-16,
                "E": 7.0,
                "DE": 3.999999999999999
            }
        ],
        "AD": [
            22.0,
            {
                "D": 20.0,
                "E": 2.0
            }
        ]
    }
}