{
    "iteration": 523,
    "strats_frame": {
        "AB": [
            0,
            []
        ],
        "AC": [
            6.999999999999886,
            {
                "C": 6.999999999999986
            }
        ],
        "AD": [
            26.0,
            {
                "D": 5.0,
                "ED": 21.0
            }
        ]
    }
}