{
    "iteration": 814,
    "strats_frame": {
        "AB": [
            0,
            []
        ],
        "AC": [
            5.0,
            {
                "C": 5.0
            }
        ],
        "AD": [
            35.000000000000114,
            {
                "E": 7.105427357601002e-15,
                "D": 19.000000000000014,
                "ED": 16.0
            }
        ]
    }
}