{
    "iteration": 446,
    "strats_frame": {
        "AB": [
            0,
            []
        ],
        "AD": [
            30.999999999999886,
            {
                "D": 30.999999999999986
            }
        ],
        "AC": [
            25.0,
            {
                "E": 24.0,
                "C": 1.0
            }
        ],
        "AE": [
            26.0,
            {
                "D": 2.0,
                "E": 24.0
            }
        ]
    }
}