{
    "iteration": 331,
    "strats_frame": {
        "AC": [
            0,
            []
        ],
        "AD": [
            30.999999999999886,
            {
                "D": 30.999999999999986
            }
        ],
        "AB": [
            4.0,
            {
                "B": 4.0
            }
        ]
    }
}