{
    "iteration": 861,
    "strats_frame": {
        "AB": [
            0,
            []
        ],
        "AC": [
            16.0,
            {
                "D": 4.0,
                "C": 2.0,
                "E": 10.0
            }
        ],
        "AD": [
            38.0,
            {
                "F": 11.999999999999995,
                "FD": 15.0,
                "FC": 10.999999999999998
            }
        ],
        "AE": [
            15.0,
            {
                "D": 5.0,
                "E": 10.0
            }
        ]
    }
}