{
    "iteration": 285,
    "strats_frame": {
        "AB": [
            0,
            []
        ],
        "AC": [
            13.999999999999886,
            {
                "C": 13.999999999999986
            }
        ],
        "AD": [
            38.0,
            {
                "D": 8.0,
                "ED": 30.0
            }
        ]
    }
}