{
    "iteration": 37,
    "strats_frame": {
        "AC": [
            0,
            []
        ],
        "AB": [
            13.0,
            {
                "B": 13.0
            }
        ],
        "AD": [
            27.0,
            {
                "D": 13.000000000000014,
                "ED": 14.000000000000002
            }
        ]
    }
}