{
    "iteration": 472,
    "strats_frame": {
        "AB": [
            0,
            []
        ],
        "AC": [
            17.0,
            {
                "E": 17.0
            }
        ],
        "AD": [
            17.0,
            {
                "E": 5.000000000000002,
                "ED": 11.999999999999998
            }
        ],
        "AE": [
            35.0,
            {
                "E": 35.0
            }
        ]
    }
}