{
    "iteration": 628,
    "strats_frame": {
        "AC": [
            0,
            []
        ],
        "AE": [
            32.0,
            {
                "E": 32.000000000000014
            }
        ],
        "AD": [
            19.0,
            {
                "E": 6.0,
                "D": 13.000000000000014
            }
        ],
        "AB": [
            6.0,
            {
                "B": 6.0
            }
        ]
    }
}