{
    "iteration": 327,
    "strats_frame": {
        "AB": [
            0,
            []
        ],
        "AD": [
            9.0,
            {
                "E": 8.881784197001252e-16,
                "ED": 3.999999999999999,
                "D": 5.0
            }
        ],
        "AC": [
            4.0,
            {
                "E": 4.0
            }
        ]
    }
}