{
    "iteration": 547,
    "strats_frame": {
        "AB": [
            0,
            []
        ],
        "AD": [
            33.0,
            {
                "D": 1.0,
                "E": 21.0,
                "C": 11.0
            }
        ],
        "AC": [
            34.0,
            {
                "E": 21.0,
                "C": 13.0
            }
        ],
        "AE": [
            33.0,
            {
                "D": 1.0,
                "E": 21.0,
                "C": 1.9999999999999982,
                "CE": 9.000000000000002
            }
        ]
    }
}