{
    "iteration": 81,
    "strats_frame": {
        "AE": [
            0,
            []
        ],
        "AD": [
            9.0,
            {
                "D": 9.000000000000014
            }
        ],
        "AC": [
            25.0,
            {
                "C": 24.999999999999986
            }
        ],
        "AB": [
            10.0,
            {
                "B": 10.0
            }
        ]
    }
}