{
    "iteration": 672,
    "strats_frame": {
        "AB": [
            0,
            []
        ],
        "AD": [
            38.000000000000114,
            {
                "D": 38.000000000000014
            }
        ],
        "AC": [
            38.000000000000114,
            {
                "C": 38.000000000000014
            }
        ]
    }
}