{
    "iteration": 452,
    "strats_frame": {
        "AB": [
            0,
            []
        ],
        "AD": [
            15.0,
            {
                "D": 11.999999999999986,
                "E": 8.881784197001252e-16,
                "ED": 2.999999999999999
            }
        ],
        "AC": [
            3.0,
            {
                "E": 3.0
            }
        ]
    }
}