{
    "iteration": 300,
    "strats_frame": {
        "AC": [
            0,
            []
        ],
        "AE": [
            28.0,
            {
                "E": 24.0,
                "D": 4.000000000000014
            }
        ],
        "AD": [
            4.0,
            {
                "D": 4.000000000000014
            }
        ],
        "AB": [
            10.0,
            {
                "B": 10.0
            }
        ]
    }
}