{
    "iteration": 661,
    "strats_frame": {
        "AB": [
            0,
            []
        ],
        "AC": [
            13.0,
            {
                "E": 13.0
            }
        ],
        "AD": [
            30.0,
            {
                "E": 1.7763568394002505e-15,
                "D": 17.0,
                "ED": 12.999999999999998
            }
        ]
    }
}