{
    "iteration": 500,
    "strats_frame": {
        "AB": [
            0,
            []
        ],
        "AC": [
            23.999999999999886,
            {
                "C": 23.999999999999986
            }
        ],
        "AD": [
            29.0,
            {
                "D": 29.0
            }
        ]
    }
}