{
    "iteration": 947,
    "strats_frame": {
        "AB": [
            0,
            []
        ],
        "AC": [
            3.0,
            {
                "C": 3.0
            }
        ],
        "AD": [
            15.0,
            {
                "E": 8.881784197001252e-16,
                "D": 8.0,
                "ED": 6.999999999999999
            }
        ]
    }
}