{
    "iteration": 277,
    "strats_frame": {
        "AB": [
            0,
            []
        ],
        "AD": [
            6.0,
            {
                "E": 6.0
            }
        ],
        "AC": [
            23.0,
            {
                "C": 17.0,
                "E": 8.881784197001252e-16,
                "EC": 5.999999999999999
            }
        ]
    }
}