{
    "iteration": 66,
    "strats_frame": {
        "AB": [
            0,
            []
        ],
        "AC": [
            8.999999999999886,
            {
                "C": 8.999999999999986
            }
        ],
        "AD": [
            22.0,
            {
                "D": 10.0,
                "ED": 12.0
            }
        ]
    }
}