{
    "iteration": 677,
    "strats_frame": {
        "AC": [
            0,
            []
        ],
        "AD": [
            30.0,
            {
                "D": 29.999999999999986
            }
        ],
        "AB": [
            23.0,
            {
                "B": 22.999999999999986
            }
        ]
    }
}