{
    "iteration": 49,
    "strats_frame": {
        "AB": [
            0,
            []
        ],
        "AC": [
            17.0,
            {
                "C": 17.0
            }
        ],
        "AD": [
            37.0,
            {
                "D": 14.0,
                "E": 7.000000000000002,
                "C": 1.0,
                "ED": 14.999999999999998
            }
        ]
    }
}