{
    "iteration": 919,
    "strats_frame": {
        "AB": [
            0,
            []
        ],
        "AC": [
            10.0,
            {
                "C": 9.999999999999986
            }
        ],
        "AD": [
            25.000000000000114,
            {
                "D": 25.000000000000014
            }
        ]
    }
}