{
    "iteration": 198,
    "strats_frame": {
        "AB": [
            0,
            []
        ],
        "AC": [
            18.0,
            {
                "C": 18.0
            }
        ],
        "AD": [
            24.0,
            {
                "E": 15.999999999999998,
                "ED": 8.000000000000002
            }
        ]
    }
}