{
    "iteration": 74,
    "strats_frame": {
        "AB": [
            0,
            []
        ],
        "AD": [
            15.0,
            {
                "E": 4.000000000000002,
                "ED": 10.999999999999998
            }
        ],
        "AC": [
            15.0,
            {
                "E": 15.0
            }
        ]
    }
}