{
    "iteration": 112,
    "strats_frame": {
        "AB": [
            0,
            []
        ],
        "AC": [
            3.0,
            {
                "E": 3.0
            }
        ],
        "AD": [
            24.0,
            {
                "D": 20.999999999999986,
                "ED": 3.0000000000000004
            }
        ]
    }
}