{
    "iteration": 500,
    "strats_frame": {
        "AB": [
            0,
            []
        ],
        "AC": [
            24.0,
            {
                "C": 24.000000000000014
            }
        ],
        "AD": [
            28.0,
            {
                "E": 10.000000000000007,
                "ED": 18.0
            }
        ]
    }
}