{
    "iteration": 648,
    "strats_frame": {
        "AC": [
            0,
            []
        ],
        "AD": [
            23.000000000000114,
            {
                "D": 23.000000000000014
            }
        ],
        "AB": [
            16.0,
            {
                "B": 16.0
            }
        ]
    }
}