{
    "iteration": 245,
    "strats_frame": {
        "AB": [
            0,
            []
        ],
        "AC": [
            6.0,
            {
                "E": 6.0
            }
        ],
        "AD": [
            20.0,
            {
                "D": 14.0,
                "E": 1.7763568394002505e-15,
                "ED": 5.999999999999998
            }
        ]
    }
}