{
    "iteration": 36,
    "strats_frame": {
        "AB": [
            0,
            []
        ],
        "AC": [
            17.000000000000114,
            {
                "C": 17.000000000000014
            }
        ],
        "AD": [
            19.0,
            {
                "E": 6.999999999999998,
                "ED": 12.000000000000002
            }
        ]
    }
}