{
    "iteration": 994,
    "strats_frame": {
        "AB": [
            0,
            []
        ],
        "AC": [
            14.0,
            {
                "E": 14.0
            }
        ],
        "AD": [
            23.0,
            {
                "D": 9.0,
                "E": 1.7763568394002505e-15,
                "ED": 13.999999999999998
            }
        ]
    }
}