{
    "iteration": 3,
    "strats_frame": {
        "AC": [
            0,
            []
        ],
        "AB": [
            22.000000000000114,
            {
                "B": 22.000000000000007
            }
        ]
    }
}