{
    "iteration": 361,
    "strats_frame": {
        "AB": [
            0,
            []
        ],
        "AC": [
            5.0,
            {
                "E": 5.0
            }
        ],
        "AD": [
            25.0,
            {
                "D": 20.0,
                "E": 8.881784197001252e-16,
                "ED": 4.999999999999999
            }
        ]
    }
}