{
    "iteration": 404,
    "strats_frame": {
        "AB": [
            0,
            []
        ],
        "AC": [
            2.0,
            {
                "C": 2.0
            }
        ],
        "AD": [
            20.0,
            {
                "E": 8.881784197001252e-16,
                "D": 16.0,
                "ED": 3.999999999999999
            }
        ]
    }
}