{
    "iteration": 170,
    "strats_frame": {
        "AB": [
            0,
            []
        ],
        "AC": [
            19.999999999999886,
            {
                "C": 19.999999999999986
            }
        ]
    }
}