{
    "iteration": 671,
    "strats_frame": {
        "AB": [
            0,
            []
        ],
        "AC": [
            13.0,
            {
                "C": 13.0
            }
        ],
        "AD": [
            22.999999999999886,
            {
                "D": 22.999999999999986
            }
        ]
    }
}