{
    "iteration": 191,
    "strats_frame": {
        "AB": [
            0,
            []
        ],
        "AC": [
            7.0,
            {
                "E": 7.0
            }
        ],
        "AD": [
            20.0,
            {
                "E": 1.7763568394002505e-15,
                "D": 13.0,
                "ED": 6.999999999999998
            }
        ]
    }
}