{
    "iteration": 523,
    "strats_frame": {
        "AB": [
            0,
            []
        ],
        "AC": [
            6.999999999999886,
            {
                "C": 6.999999999999986
            }
        ]
    }
}