{
    "iteration": 439,
    "strats_frame": {
        "AB": [
            0,
            []
        ],
        "AD": [
            13.0,
            {
                "D": 5.0,
                "E": 8.881784197001252e-16,
                "ED": 7.999999999999999
            }
        ],
        "AC": [
            8.0,
            {
                "E": 8.0
            }
        ]
    }
}